DataSetID,Subset,PDBFileID,Resolution,Mutations,ExperimentalDDG
1,ZEMu,1TM1,1.7,"I Y61A",2.1978328374
2,ZEMu,1TM1,1.7,"I Y61G",4.69360438355
3,ZEMu,1TM1,1.7,"I R65A",3.08285274085
4,ZEMu,1TM1,1.7,"I R67A",2.9277546076
5,ZEMu,1TM1,1.7,"I R67C",3.24069629645
6,ZEMu,1TM1,1.7,"I R67A;I R65A",5.06753931795
7,ZEMu,1CBW,2.6,"I K15A",1.9938676825
8,ZEMu,1A4Y,2,"A Y434F",0.55544690295
9,ZEMu,1A4Y,2,"A Y437F",0.24796621795
10,ZEMu,1A4Y,2,"A Y434A;A D435A",6.81236980095
11,ZEMu,1A4Y,2,"A Y434A;A Y437A",6.6382871429
12,ZEMu,1A4Y,2,"B R5A;A Y434A",6.9739757184
13,ZEMu,1A4Y,2,"B R5A;A D435A",6.76431952275
14,ZEMu,1A4Y,2,"A D435A;B R5A;A Y434A",10.1003709071
15,ZEMu,1A4Y,2,"A Y434A;B R5A;A Y437A",8.5255921299
16,ZEMu,1A4Y,2,"B K40G",3.2341791828
17,ZEMu,1A4Y,2,"B K40G;A Y434F",6.66027292205
18,ZEMu,1A4Y,2,"A D435A;B K40G",4.1066466061
19,ZEMu,1A4Y,2,"B K40G;A Y437A",6.4453764905
20,ZEMu,1A4Y,2,"B K40G;A Y434A;A D435A",6.19973790085
21,ZEMu,1A4Y,2,"B K40G;A Y437A;A Y434A",9.1169077547
22,ZEMu,1DFJ,2.5,"I Y430F",0.11866447605
23,ZEMu,1DFJ,2.5,"I Y433F",2.14957135455
24,ZEMu,1DFJ,2.5,"I Y430A;I D431A",7.1680011219
25,ZEMu,1DFJ,2.5,"I Y430A;I Y433A",7.2377506847
26,ZEMu,1FCC,3.2,"C T25A",0.2401110979
27,ZEMu,1FCC,3.2,"C K28A",1.2555921469
28,ZEMu,1FCC,3.2,"C K31A",3.4759990878
29,ZEMu,1FCC,3.2,"C N35A",2.3640487485
30,ZEMu,1FCC,3.2,"C D40A",0.2721289944
31,ZEMu,1FCC,3.2,"C E42A",0.3852693898
32,ZEMu,1FCC,3.2,"C W43A",3.7714950857
33,ZEMu,1FCC,3.2,"C Y45A;C T44A",1.9535761154
34,ZEMu,1XD3,1.45,"B K6A",1.3750428807
35,ZEMu,1XD3,1.45,"B K27A",-0.06385872
36,ZEMu,1XD3,1.45,"B R42L",-0.8820456058
37,ZEMu,1XD3,1.45,"B R54L",0.8887428813
38,ZEMu,1XD3,1.45,"B H68N",0
39,ZEMu,1XD3,1.45,"B R72L",1.3317317984
40,ZEMu,1XD3,1.45,"B R74L",2.4324958982
41,ZEMu,1XD3,1.45,"B E24A",-0.2457512915
42,ZEMu,1XD3,1.45,"B D39A",-0.4201146077
43,ZEMu,1XD3,1.45,"B E51A",1.5699538345
44,ZEMu,1XD3,1.45,"B D52A",-0.2457512915
45,ZEMu,1XD3,1.45,"B D58A",-0.2457512915
46,ZEMu,1XD3,1.45,"B K6R",0.3096100115
47,ZEMu,1XD3,1.45,"B L8A",2.7384436794
48,ZEMu,1XD3,1.45,"B K11R",1.4347071392
49,ZEMu,1XD3,1.45,"B K27R",0.2721074987
50,ZEMu,1XD3,1.45,"B K33R",0
51,ZEMu,1XD3,1.45,"B I44A",0.2721074987
52,ZEMu,1JTG,1.73,"A S235A",1.2386623391
53,ZEMu,1JTG,1.73,"A S130A",0.7916504183
54,ZEMu,1JTG,1.73,"A R243A",1.265197384
55,ZEMu,1JTG,1.73,"A K234A",1.026550284
56,ZEMu,1JTG,1.73,"A R243A;A S130A",1.84889849385
57,ZEMu,1JTG,1.73,"A S130A;A K234A",1.9792553287
58,ZEMu,1JTG,1.73,"A S130A;A R243A;A S235A",1.6868270251499997
59,ZEMu,1JTG,1.73,"A S130A;A K234A;A S235A",1.84963230695
60,ZEMu,1JTG,1.73,"A R243A;A K234A",2.7288844083
61,ZEMu,1JTG,1.73,"A K234A;A S235A;A R243A",2.7157727251000003
62,ZEMu,1JTG,1.73,"A S130A;A R243A;A K234A",2.50864392405
63,ZEMu,1JTG,1.73,"A S130A;A R243A;A S235A;A K234A",2.7872873766
64,ZEMu,1DQJ,2,"C Y20A",3.2857083901
65,ZEMu,1DQJ,2,"C R21A",1.1685512292
66,ZEMu,1DQJ,2,"C W63A",1.3462692171
67,ZEMu,1DQJ,2,"C K97A",3.5197058203
68,ZEMu,1DQJ,2,"C D101A",1.4524070787
69,ZEMu,2I9B,2.8,"E R137A",-0.2875113354
70,ZEMu,2I9B,2.8,"E K139A",0.6739765576
71,ZEMu,2I9B,2.8,"E R142A",0.3630723956
72,ZEMu,2I9B,2.8,"E H143A",0.6613315184
73,ZEMu,2I9B,2.8,"E R145A",0.4201543773
74,ZEMu,1JTG,1.73,"B T32K",0.1963970507
75,ZEMu,1JTG,1.73,"B V93K",-0.4831980341
76,ZEMu,1JTG,1.73,"B T140K",-0.01918213185
77,ZEMu,1JTG,1.73,"B N89K",-0.45972891845
78,ZEMu,1JTG,1.73,"B D163A",-1.3381733067
79,ZEMu,1JTG,1.73,"B D163K",-1.98721227805
80,ZEMu,1JTG,1.73,"B T140K;B Q157K",-0.4026457235
81,ZEMu,1JTG,1.73,"B D163K;B V165K;B N89K",-2.3983421665
82,ZEMu,1JTG,1.73,"B D163K;B D135K;B V134K",-3.0570548181999997
83,ZEMu,1JTG,1.73,"B D163K;B V165K;B D135K;B N89K",-3.3616710609
84,ZEMu,1F47,1.95,"A D4A",0.6911966526
85,ZEMu,1F47,1.95,"A Y5A",0.8689778442
86,ZEMu,1F47,1.95,"A L6A",0.9250169573
87,ZEMu,1F47,1.95,"A D7A",1.7328827188
88,ZEMu,1F47,1.95,"A I8A",2.5151191044
89,ZEMu,1F47,1.95,"A P9A",-0.0575390924
90,ZEMu,1F47,1.95,"A F11A",2.4443882874
91,ZEMu,1F47,1.95,"A L12A",2.2942991857
92,ZEMu,1F47,1.95,"A K14A",-0.0426217587
93,ZEMu,1F47,1.95,"A Q15A",-0.0455753152
94,ZEMu,1REW,1.86,"A D30A;B D30A",0.66820665885
95,ZEMu,1REW,1.86,"B W31A;A W31A",1.08667862885
96,ZEMu,1REW,1.86,"B D30A;A W31A;B W31A;A D30A",2.0628403358
97,ZEMu,1REW,1.86,"B F49A;A F49A",1.363560572
98,ZEMu,1REW,1.86,"B P50A;A P50A",1.29386649385
99,ZEMu,1REW,1.86,"B P50A;A F49A;B F49A;A P50A",2.8824556572
100,ZEMu,1REW,1.86,"B H39D;A H39D",0.1957989369
101,ZEMu,1REW,1.86,"A S88A;B S88A",0.20337512895
102,ZEMu,1REW,1.86,"B L100A;A L100A",0.23271025005
103,ZEMu,1REW,1.86,"A S88A;B S88A;A H39D;B H39D",0.18349204395
104,ZEMu,1REW,1.86,"B L100A;A H39D;B H39D;A L100A",0.1187538201
105,ZEMu,1REW,1.86,"B A34D;A A34D",0
106,ZEMu,1REW,1.86,"A D53A;B D53A",-0.05172884145
107,ZEMu,1REW,1.86,"B E109R;A E109R",0.26959714135
108,ZEMu,1REW,1.86,"B A34D;A D30A;B D30A;A A34D",0.47615201765
109,ZEMu,1REW,1.86,"A D53A;B D53A;A A34D;B A34D",-0.1837503879
110,ZEMu,1REW,1.86,"B E109R;A D53A;B D53A;A E109R",0.04375890435
111,ZEMu,1DFJ,2.5,"I V428A;I Q426A",0.9408799853
112,ZEMu,1DFJ,2.5,"I E436A;I W434A;I T435A",1.9843894201
113,ZEMu,1DFJ,2.5,"I R453A",0.84517459585
114,ZEMu,1DFJ,2.5,"I I455A",0.3343335884
115,ZEMu,1A4Y,2,"A Q430A;A V432A",0.06185426835
116,ZEMu,1A4Y,2,"A S439A;A E440A;A W438A",1.83067674775
117,ZEMu,1A4Y,2,"A R457A",-0.21627297245
118,ZEMu,1A4Y,2,"A I459A",0.6678318943
119,ZEMu,1DFJ,2.5,"I E202A",1.0161138744
120,ZEMu,1DFJ,2.5,"I W257A",1.3290298853
121,ZEMu,1DFJ,2.5,"I W259A",2.2189212038
122,ZEMu,1DFJ,2.5,"I E283A",1.32171856525
123,ZEMu,1DFJ,2.5,"I S285A",0.80055791575
124,ZEMu,1DFJ,2.5,"I W314A",0.99325287195
125,ZEMu,1DFJ,2.5,"I K316A",1.30129023025
126,ZEMu,1DFJ,2.5,"I E340A",1.56726272235
127,ZEMu,1DFJ,2.5,"I E397A",1.307415084
128,ZEMu,1A4Y,2,"B H84A",0.1717748716
129,ZEMu,1A4Y,2,"B W89A",0.2309998124
130,ZEMu,1A4Y,2,"A W261A",0.08815660585
131,ZEMu,1A4Y,2,"A W263A",1.1603114671
132,ZEMu,1A4Y,2,"A E287A",0.0898437524
133,ZEMu,1A4Y,2,"A S289A",0.03314775425
134,ZEMu,1A4Y,2,"A W318A",1.4812807242
135,ZEMu,1A4Y,2,"A K320A",-0.31148946945
136,ZEMu,1A4Y,2,"A E344A",0.1606713767
137,ZEMu,1A4Y,2,"A W375A",1.02946569105
138,ZEMu,1A4Y,2,"A E401A",0.86345887065
139,ZEMu,1JRH,2.8,"L E27A",0.5426153059
140,ZEMu,1JRH,2.8,"L D28A",0.4346468807
141,ZEMu,1JRH,2.8,"L Y30A",1.1084566016
142,ZEMu,1JRH,2.8,"L Y91A",0.5808341682
143,ZEMu,1JRH,2.8,"L W92A",2.8184071468
144,ZEMu,1JRH,2.8,"L S93A",-0.650583731
145,ZEMu,1JRH,2.8,"L T94A",0.3852693898
146,ZEMu,1JRH,2.8,"L W96A",1.66606478
147,ZEMu,1JRH,2.8,"H Y32A",1.4333101348
148,ZEMu,1JRH,2.8,"H W52A",2.686264474
149,ZEMu,1JRH,2.8,"H W53A",2.4213178366
150,ZEMu,1JRH,2.8,"H D54A",1.8860998254
151,ZEMu,1JRH,2.8,"H D55A",1.66606478
152,ZEMu,1JRH,2.8,"H D56A",1.8546488862
153,ZEMu,1JRH,2.8,"H Y58A",1.2555921469
154,ZEMu,1JRH,2.8,"H R95A",0.5426153059
155,ZEMu,1JRH,2.8,"H F98A",0
156,ZEMu,1JRH,2.8,"H Y99A",1.0610563641
157,ZEMu,1JRH,2.8,"H H100bA",1.6977709171
158,ZEMu,1JRH,2.8,"I I57R;I E55P",-3.4400979851
159,ZEMu,1JRH,2.8,"I E55G;I S54G;I I57R",-3.3777048750999996
160,ZEMu,1JRH,2.8,"I I57L;I E55P",-3.4567804074
161,ZEMu,1JRH,2.8,"I E55P;I S54G;I I57K",-3.8844190782
162,ZEMu,1JRH,2.8,"I E55P",-3.7881775081
163,ZEMu,1HE8,3,"A K223V",0.4671668847
164,ZEMu,1HE8,3,"A K223V;A R226A",1.8651657359
165,ZEMu,1HE8,3,"A K234A;A K223V",1.4968789628
166,ZEMu,1HE8,3,"A K223V;A D238A",1.0204171129
167,ZEMu,1HE8,3,"A K223V;A K254A",1.933745004
168,ZEMu,1HE8,3,"A K256A;A K223V",1.6470001709
169,ZEMu,1HE8,3,"A K223V;A D260A",0.9280692054
170,ZEMu,1HE8,3,"A E267K;A K223V",-0.0972673764
171,ZEMu,1HE8,3,"A K223V;A E919A",0.4467349353
172,ZEMu,1HE8,3,"A K223V;A E919K",-0.4501904399
173,ZEMu,2PCC,2.3,"A D34A",-0.90952325275
174,ZEMu,2PCC,2.3,"A V197A",2.09487032815
175,ZEMu,2PCC,2.3,"A E290A",6.19338941255
176,ZEMu,2PCC,2.3,"B K87A",0.88883365675
177,ZEMu,2PCC,2.3,"B K87A;A D34A",0.2021606156
178,ZEMu,2PCC,2.3,"A V197A;B K87A",1.49611521775
179,ZEMu,2PCC,2.3,"B K72A",0.2908666018
180,ZEMu,2PCC,2.3,"A V197A;B K72A",2.7925623124
181,ZEMu,2PCC,2.3,"A E290A;B K72A",1.0869420627
182,ZEMu,2PCC,2.3,"B A81G",1.8998019538
183,ZEMu,2PCC,2.3,"A D34A;B A81G",-0.1024790272
184,ZEMu,2PCC,2.3,"B A81G;A V197A",2.10017032815
185,ZEMu,1F47,1.95,"A D7S",2.0639372179
186,ZEMu,1F47,1.95,"A D7G",1.1388318151
187,ZEMu,1S1Q,2,"A V43A",0.6592033046
188,ZEMu,1S1Q,2,"A F44A",0.1959112328
189,ZEMu,1S1Q,2,"A N45A",1.2107565251
190,ZEMu,1S1Q,2,"A D46A",0.9488962494
191,ZEMu,1S1Q,2,"A W75A",0.2759478199
192,ZEMu,1S1Q,2,"A F88A",0.7619017423
193,ZEMu,1DQJ,2,"C W62A",0.7580785961
194,ZEMu,1DQJ,2,"C L75A",1.4524070787
195,ZEMu,1DQJ,2,"C T89A",0.840843778
196,ZEMu,1DQJ,2,"C N93A",0.6498732488
197,ZEMu,1DQJ,2,"C K96A",6.1558202291
198,ZEMu,1DQJ,2,"C S100A",0.7755829296
199,ZEMu,1DQJ,2,"A N31A",2.0134338208
200,ZEMu,1DQJ,2,"A N32A",4.0906817161
201,ZEMu,1DQJ,2,"A Y50A",2.6782990887
202,ZEMu,1DQJ,2,"A S91A",1.431888317
203,ZEMu,1DQJ,2,"A Y96A",1.1350510119
204,ZEMu,1DQJ,2,"B D32A",2.0134338208
205,ZEMu,1DQJ,2,"B Y33A",5.5244650325
206,ZEMu,1DQJ,2,"B Y50A",6.8880256046
207,ZEMu,1DQJ,2,"B Y53A",1.1802780843
208,ZEMu,1DQJ,2,"B W98A",4.9315254941
209,ZEMu,1DQJ,2,"C K96A;A N32A",5.8018482511
210,ZEMu,1DQJ,2,"C R21A;A S91A",3.170731755
211,ZEMu,1DQJ,2,"A S91A;C Y20A",3.5730921128
212,ZEMu,1DQJ,2,"C R21A;A Y96A",3.4851997401
213,ZEMu,1DQJ,2,"C S100A;A Y96A",0.9134472587
214,ZEMu,1DQJ,2,"C K97A;B D32A",2.4859440029
215,ZEMu,1DQJ,2,"B Y53A;C W62A",1.2863080893
216,ZEMu,1DQJ,2,"C W63A;B Y53A",2.1992323798
217,ZEMu,1DQJ,2,"C L75A;B Y53A",1.2168618232
218,ZEMu,1DQJ,2,"B Y53A;C D101A",2.727121144
219,ZEMu,1DQJ,2,"C S100A;B W98A",5.3622458031
220,ZEMu,1DQJ,2,"C K97A;B W98A",6.6600863641
221,ZEMu,1DQJ,2,"B W98A;C Y20A",5.1120974
222,ZEMu,1KAC,2.6,"A P417S",-0.7930255648
223,ZEMu,1KAC,2.6,"A S489Y",-1.2521985168
226,ZEMu,1A4Y,2,"B R5A",2.3070154748
227,ZEMu,1A4Y,2,"B R32A",0.90026912225
228,ZEMu,1A4Y,2,"B R66A",0.19776455575
229,ZEMu,1A4Y,2,"B R70A",-0.250558697
230,ZEMu,1A4Y,2,"B R31A",0.24992366325
231,ZEMu,1A4Y,2,"B R33A",0.3338254076
232,ZEMu,1REW,1.86,"B W28F;A W28F",0.672120171
233,ZEMu,1REW,1.86,"A D53P;B D53P",2.3548673733
234,ZEMu,1REW,1.86,"B S69R;A S69R",1.66606478
235,ZEMu,1REW,1.86,"B Y103A;A Y103A",1.2147354769
236,ZEMu,1REW,1.86,"C Q86A",2.6573715813
237,ZEMu,1LFD,2.1,"A R20A",1.1
238,ZEMu,1LFD,2.1,"A S22K",-0.1
239,ZEMu,1LFD,2.1,"A L23K",0
240,ZEMu,1LFD,2.1,"A N27K",0.4
241,ZEMu,1LFD,2.1,"A M30K",-0.9
242,ZEMu,1LFD,2.1,"A K32A",1.3
243,ZEMu,1LFD,2.1,"A K48A",0.2
244,ZEMu,1LFD,2.1,"A D51A",-0.6
245,ZEMu,1LFD,2.1,"A D51K",-1.1
246,ZEMu,1LFD,2.1,"A K52A",1.2
247,ZEMu,1LFD,2.1,"A N54K",-0.9
248,ZEMu,1LFD,2.1,"A L55K",-0.6
249,ZEMu,1LFD,2.1,"A D56A",-0.3
250,ZEMu,1LFD,2.1,"A E57A",-0.2
251,ZEMu,1LFD,2.1,"A E57K",-0.3
252,ZEMu,1LFD,2.1,"A D58K",-0.9
253,ZEMu,1LFD,2.1,"A N92K",-0.6
254,ZEMu,1LFD,2.1,"A Y93K",0.1
255,ZEMu,1LFD,2.1,"A D94K",-1.1
256,ZEMu,1LFD,2.1,"A M30K;A D58K",-1
257,ZEMu,1LFD,2.1,"A D94K;A M30K",-0.9
258,ZEMu,1LFD,2.1,"A D58K;A D51K;A M30K",-2
259,ZEMu,1LFD,2.1,"A D58K;A M30K;A D51K;A D94K",-1.7
260,ZEMu,1LFD,2.1,"A D51K;A E57K;A D56K",-1.6000000000000003
261,ZEMu,1LFD,2.1,"A D58K;A D94K",-0.6
262,ZEMu,1TM1,1.7,"I M59G",2.2319060757
263,ZEMu,1TM1,1.7,"I M59A",1.0272079041
264,ZEMu,1TM1,1.7,"I M59K",1.0930742606
265,ZEMu,1TM1,1.7,"I M59Y",0.0564414335
266,ZEMu,1TM1,1.7,"I M59F",1.0272079041
267,ZEMu,1JTG,1.73,"B K74A",3.5579158985
268,ZEMu,1JTG,1.73,"B F142A",2.1020509454
269,ZEMu,1JTG,1.73,"B Y143A",0.3818590079
270,ZEMu,1JTG,1.73,"B F142A;B K74A",4.8501986828
271,ZEMu,1JTG,1.73,"B Y143A;B K74A",3.0572754597
272,ZEMu,1JTG,1.73,"B Y143A;B F142A",2.8418786536
273,ZEMu,1JTG,1.73,"B F142A;B Y143A;B K74A",3.8936577496999996
274,ZEMu,1JTG,1.73,"A E104A",1.5522575295
275,ZEMu,1JTG,1.73,"B K74A;A E104A",1.576142835
276,ZEMu,1JTG,1.73,"B F142A;A E104A",2.7466589766
277,ZEMu,1JTG,1.73,"A E104A;B Y143A",1.8637208619
278,ZEMu,1JTG,1.73,"B F142A;A E104A;B K74A",3.1288390077
279,ZEMu,1JTG,1.73,"B Y143A;B K74A;A E104A",1.0501979092
280,ZEMu,1JTG,1.73,"B Y143A;B F142A;A E104A",2.8899865432999996
281,ZEMu,1JTG,1.73,"B Y143A;A E104A;B K74A;B F142A",2.3879134997
282,ZEMu,1JTG,1.73,"A Y105A",-0.1682960052
283,ZEMu,1JTG,1.73,"B K74A;A Y105A",3.3208494697
284,ZEMu,1JTG,1.73,"B F142A;A Y105A",0.6940555243
285,ZEMu,1JTG,1.73,"B Y143A;A Y105A",1.0749619424
286,ZEMu,1JTG,1.73,"A Y105A;B K74A;B F142A",4.7769961258
287,ZEMu,1JTG,1.73,"B K74A;A Y105A;B Y143A",3.3936281277
288,ZEMu,1JTG,1.73,"B F142A;A Y105A;B Y143A",2.9855676643
289,ZEMu,1JTG,1.73,"A Y105A;B K74A;B F142A;B Y143A",4.2275233276
290,ZEMu,1JTG,1.73,"A E104A;A Y105A",1.026550284
291,ZEMu,1JTG,1.73,"A E104A;B K74A;A Y105A",1.3854959254
292,ZEMu,1JTG,1.73,"B F142A;A Y105A;A E104A",1.5043304688
293,ZEMu,1JTG,1.73,"A Y105A;A E104A;B Y143A",2.053758188
294,ZEMu,1JTG,1.73,"A Y105A;B K74A;A E104A;B F142A",3.1288390077
295,ZEMu,1JTG,1.73,"B K74A;A Y105A;B Y143A;A E104A",1.7671653842
296,ZEMu,1JTG,1.73,"B F142A;A Y105A;B Y143A;A E104A",2.8418786536
297,ZEMu,1JTG,1.73,"B F142A;B Y143A;A Y105A;B K74A;A E104A",2.411647296
298,ZEMu,1JTG,1.73,"B K74A;A R243A",6.6173056472
299,ZEMu,1JTG,1.73,"A R243A;B F142A",3.3936281277
300,ZEMu,1JTG,1.73,"B Y143A;A R243A",2.2688343015
301,ZEMu,1JTG,1.73,"B K74A;B F142A;A R243A",5.4938561731
302,ZEMu,1JTG,1.73,"B K74A;A R243A;B Y143A",4.3711802939
303,ZEMu,1JTG,1.73,"B K74A;A K234A",6.5451563555
304,ZEMu,1JTG,1.73,"A K234A;B K74A;B F142A",5.8282315877
305,ZEMu,1JTG,1.73,"B Y143A;B K74A;A K234A",4.8738218026
306,ZEMu,1JTG,1.73,"B Y143A;A K234A;B K74A;B F142A",5.4701655407
307,ZEMu,1JTG,1.73,"B Y143A;A S130A;B K74A;B F142A",5.0645074613
308,ZEMu,1TM1,1.7,"I T58A",2.56967485585
309,ZEMu,1TM1,1.7,"I T58P",3.7543290481
310,ZEMu,1TM1,1.7,"I E60A",2.9233464767
311,ZEMu,1TM1,1.7,"I E60S",2.7465388453
312,ZEMu,1TM1,1.7,"I M59R;I E60S",3.5480664102
313,ZEMu,1TM1,1.7,"I R62A",1.2555921469
314,ZEMu,2A9K,1.73,"B G99D",2.40946818525
315,ZEMu,2B42,2.5,"A H374A",1.57625526285
316,ZEMu,2B42,2.5,"A H374Q",0.9811189255
317,ZEMu,2B42,2.5,"A H374K",2.5377903715
318,ZEMu,1KTZ,2.15,"B L27A",1.8241069769
319,ZEMu,1KTZ,2.15,"B F30A",2.9787313767
320,ZEMu,1KTZ,2.15,"B D32A",1.5209355161
321,ZEMu,1KTZ,2.15,"B D32N",1.9994490866
322,ZEMu,1KTZ,2.15,"B S49A",0.3263997138
323,ZEMu,1KTZ,2.15,"B I50A",1.8956322136
324,ZEMu,1KTZ,2.15,"B T51A",1.5128692824
325,ZEMu,1KTZ,2.15,"B S52A",0.2164204656
326,ZEMu,1KTZ,2.15,"B S52L",4.0359794522
327,ZEMu,1KTZ,2.15,"B I53A",1.3696254499
328,ZEMu,1KTZ,2.15,"B E55A",1.2159782619
329,ZEMu,1KTZ,2.15,"B V77A",0.4148110176
330,ZEMu,1KTZ,2.15,"B D118A",0.8143775075
331,ZEMu,1KTZ,2.15,"B E119A",1.4936094766
332,ZEMu,1KTZ,2.15,"B E119Q",1.6264508949
333,ZEMu,1KTZ,2.15,"B N47A",0.2848256763
334,ZEMu,1KTZ,2.15,"B V62A",0.6476737162
335,ZEMu,1KTZ,2.15,"B E75A",1.0796306945
336,ZEMu,1KTZ,2.15,"B H79A",0.2954959979
337,ZEMu,1KTZ,2.15,"B F110A",0.9318094762
338,ZEMu,1KTZ,2.15,"B M112A",0.8710190379
339,ZEMu,1KTZ,2.15,"B I125A",0.5391215681
340,ZEMu,2I26,2.5,"N A30V",0.06917181935
341,ZEMu,2I26,2.5,"N S61R",-0.61558430495
342,ZEMu,2J12,1.5,"A S299A",0.9530879389
343,ZEMu,2J1K,2.3,"C R515A",0.0515269917
344,ZEMu,2J1K,2.3,"C G370D",0.1836696645
345,ZEMu,2J1K,2.3,"C R384A",0.7645038327
346,ZEMu,1JTG,1.73,"A Q99A",0.430210325
347,ZEMu,1JTG,1.73,"A N100A",-0.4541108987
348,ZEMu,1JTG,1.73,"A V103A",1.9120458891
349,ZEMu,1JTG,1.73,"A P107A",-0.3824091778
350,ZEMu,1JTG,1.73,"A E110A",4.0630975143
351,ZEMu,1JTG,1.73,"A M129A",0.740917782
352,ZEMu,1JTG,1.73,"A E168A",-0.0717017208
353,ZEMu,1JTG,1.73,"A V216A",-0.4063097514
354,ZEMu,1JTG,1.73,"B F36A",3.2026768642
355,ZEMu,1JTG,1.73,"B H41A",3.2504780115
356,ZEMu,1JTG,1.73,"B Y53A",2.0793499044
357,ZEMu,1JTG,1.73,"B S71A",0.3585086042
358,ZEMu,1JTG,1.73,"B W112A",3.0114722753
359,ZEMu,1JTG,1.73,"B S113A",-0.1673040153
360,ZEMu,1JTG,1.73,"B H148A",2.7485659656
361,ZEMu,1JTG,1.73,"B W150A",4.2543021033
362,ZEMu,1JTG,1.73,"B R160A",2.2227533461
363,ZEMu,1JTG,1.73,"B W162A",2.3422562141
364,ZEMu,1JTG,1.73,"B H148A;A Q99A",3.2026768642
365,ZEMu,1JTG,1.73,"B W150A;A Q99A",3.8240917782
366,ZEMu,1JTG,1.73,"A Q99A;B R160A",3.7523900574
367,ZEMu,1JTG,1.73,"B H148A;A N100A",2.103250478
368,ZEMu,1JTG,1.73,"B W150A;A N100A",4.3499043977
369,ZEMu,1JTG,1.73,"B R160A;A N100A",1.5774378585
370,ZEMu,1JTG,1.73,"A E168A;B W162A",2.0793499044
371,ZEMu,1JTG,1.73,"A V103A;B W162A",4.2304015296
372,ZEMu,1JTG,1.73,"B Y53A;A M129A",3.6089866157
373,ZEMu,1JTG,1.73,"B F36A;A M129A",3.6328871893
374,ZEMu,1JTG,1.73,"B H41A;A P107A",2.6529636711
375,ZEMu,1JTG,1.73,"A P107A;B Y53A",2.3900573614
376,ZEMu,1JTG,1.73,"B S113A;A E110A;B S71A",5.0430210325
377,ZEMu,1JTG,1.73,"A E110A;B S113A",4.5650095602
378,ZEMu,1JTG,1.73,"B S71A;A E110A",5.0191204589
379,ZEMu,1JTG,1.73,"A E104A;B S113A",1.8642447419
380,ZEMu,1JTG,1.73,"A Q99A;B W112A",3.5372848948
381,ZEMu,1JTG,1.73,"B W162A;A Q99A",2.8919694073
382,ZEMu,1JTG,1.73,"B K74A;A Q99A",4.1108986616
383,ZEMu,1JTG,1.73,"A Q99A;B F142A",2.8202676864
384,ZEMu,1JTG,1.73,"B W112A;A N100A",2.7963671128
385,ZEMu,1JTG,1.73,"A N100A;B W162A",2.103250478
386,ZEMu,1JTG,1.73,"B K74A;A N100A",3.5133843212
387,ZEMu,1JTG,1.73,"A N100A;B F142A",2.2944550669
388,ZEMu,1JTG,1.73,"B R160A;A V103A",4.3499043977
389,ZEMu,1JTG,1.73,"B F142A;A V103A",4.517208413
390,ZEMu,1JTG,1.73,"B W112A;A E168A",2.7963671128
391,ZEMu,1JTG,1.73,"B W150A;A E168A",4.1108986616
392,ZEMu,1JTG,1.73,"B R160A;A E168A",2.3183556405
393,ZEMu,1JTG,1.73,"B K74A;A E168A",4.0630975143
394,ZEMu,1JTG,1.73,"A E168A;B F142A",2.5812619503
395,ZEMu,1JTG,1.73,"B Y50A;A E110A",3.9674952199
396,ZEMu,1JTG,1.73,"B S113A;A M129A;B S71A",1.6730401529999999
397,ZEMu,2JEL,2.5,"P F2Y",0
398,ZEMu,2JEL,2.5,"P F2W",2.6191527189
399,ZEMu,2JEL,2.5,"P Q3K",4.0906817161
400,ZEMu,2JEL,2.5,"P Q4K",1.363560572
401,ZEMu,2JEL,2.5,"P E5D",0.4104726331
402,ZEMu,2JEL,2.5,"P E5Q",0.712976841
403,ZEMu,2JEL,2.5,"P V6F",0
404,ZEMu,2JEL,2.5,"P T7N",0.4104726331
405,ZEMu,2JEL,2.5,"P T7S",0
406,ZEMu,2JEL,2.5,"P P11E",0
407,ZEMu,2JEL,2.5,"P N12D",0
408,ZEMu,2JEL,2.5,"P R17G",0
409,ZEMu,2JEL,2.5,"P R17K",0
410,ZEMu,2JEL,2.5,"P K24E",0
411,ZEMu,2JEL,2.5,"P K27E",0
412,ZEMu,2JEL,2.5,"P T34Q",0
413,ZEMu,2JEL,2.5,"P T36Q",0.4104726331
414,ZEMu,2JEL,2.5,"P N38T",0
415,ZEMu,2JEL,2.5,"P S41C",1.4957032448
416,ZEMu,2JEL,2.5,"P S43C",0
417,ZEMu,2JEL,2.5,"P S46C",0
418,ZEMu,2JEL,2.5,"P Q57E",-0.4104726331
419,ZEMu,2JEL,2.5,"P T62N",0
420,ZEMu,2JEL,2.5,"P T62A",0
421,ZEMu,2JEL,2.5,"P S64T",4.0906817161
422,ZEMu,2JEL,2.5,"P E66K",4.0906817161
423,ZEMu,2JEL,2.5,"P E68A",0.4104726331
424,ZEMu,2JEL,2.5,"P D69E",0.9530879389
425,ZEMu,2JEL,2.5,"P E70K",4.0906817161
426,ZEMu,2JEL,2.5,"P E70A",2.727121144
427,ZEMu,2JEL,2.5,"P Q71E",2.727121144
428,ZEMu,2JEL,2.5,"P K72R",0
429,ZEMu,2JEL,2.5,"P K72E",0.4104726331
430,ZEMu,2JEL,2.5,"P E75R",2.727121144
431,ZEMu,2JEL,2.5,"P H76D",-0.650583731
432,ZEMu,2JEL,2.5,"P H76A",-0.4104726331
433,ZEMu,2JEL,2.5,"P K79E",0.4104726331
434,ZEMu,2JEL,2.5,"P A82S",0
435,ZEMu,2JEL,2.5,"P E83A",0
436,ZEMu,2JEL,2.5,"P E85Q",0
437,ZEMu,2JEL,2.5,"P E85D",0
438,ZEMu,2JEL,2.5,"P E85A",0
439,ZEMu,2JEL,2.5,"P E85K",0
440,ZEMu,1UUZ,1.8,"A H62Q",1.5189292347
441,ZEMu,1UUZ,1.8,"A H62N",1.5189292347
442,ZEMu,1UUZ,1.8,"A H62D",3.3777048751
443,ZEMu,1UUZ,1.8,"A H62A",1.7740332051
444,ZEMu,1UUZ,1.8,"A C64A",0.650583731
445,ZEMu,1EAW,2.93,"A Q38A",-0.5186794108
446,ZEMu,1EAW,2.93,"A I41A",-0.8221379893
447,ZEMu,1EAW,2.93,"A I60A",-0.1942710591
448,ZEMu,1EAW,2.93,"A D60aA",-0.1715542583
449,ZEMu,1EAW,2.93,"A D60bA",1.5021027645
450,ZEMu,1EAW,2.93,"A R60cA",0.5873515478
451,ZEMu,1EAW,2.93,"A F60eA",-0.4286207387
452,ZEMu,1EAW,2.93,"A R60fA",0.2309048989
453,ZEMu,1EAW,2.93,"A Y60gA",-0.0789053393
454,ZEMu,1EAW,2.93,"A R87A",-0.1496767951
455,ZEMu,1EAW,2.93,"A F94A",0.7282675193
456,ZEMu,1EAW,2.93,"A N95A",0.3079600034
457,ZEMu,1EAW,2.93,"A D96A",0.6541475542
458,ZEMu,1EAW,2.93,"A F97A",0.8916208445
459,ZEMu,1EAW,2.93,"A T98A",0.2546271694
460,ZEMu,1EAW,2.93,"A H143A",-0.0144737184
461,ZEMu,1EAW,2.93,"A Q145A",0.3065415912
462,ZEMu,1EAW,2.93,"A Y146A",0.5019288289
463,ZEMu,1EAW,2.93,"A T150A",0.0894106434
464,ZEMu,1EAW,2.93,"A L153A",0.5019288289
465,ZEMu,1EAW,2.93,"A E169A",0.7033671075
466,ZEMu,1EAW,2.93,"A Q174A",0.5648322249
467,ZEMu,1EAW,2.93,"A Q175A",-0.1330369898
468,ZEMu,1EAW,2.93,"A D217A",2.2281362221
469,ZEMu,1EAW,2.93,"A Q221aA",0.1441731715
470,ZEMu,1EAW,2.93,"A R222A",-0.0885122889
471,ZEMu,1EAW,2.93,"A K224A",0.4758370831
472,ZEMu,3BN9,2.17,"B Q38A",-0.4153068382
473,ZEMu,3BN9,2.17,"B I41A",0
474,ZEMu,3BN9,2.17,"B I60A",0.8352155189
475,ZEMu,3BN9,2.17,"B D60aA",0.4223882631
476,ZEMu,3BN9,2.17,"B D60bA",0.3111075578
477,ZEMu,3BN9,2.17,"B R60cA",-0.0449978535
478,ZEMu,3BN9,2.17,"B F60eA",-0.0449978535
479,ZEMu,3BN9,2.17,"B R60fA",-0.0715577682
480,ZEMu,3BN9,2.17,"B Y60gA",0.0189515959
481,ZEMu,3BN9,2.17,"B R87A",-0.1592328645
482,ZEMu,3BN9,2.17,"B F94A",0.6392419128
483,ZEMu,3BN9,2.17,"B N95A",0.7733443894
484,ZEMu,3BN9,2.17,"B T98A",1.1320528239
485,ZEMu,3BN9,2.17,"B H143A",0.0850633168
486,ZEMu,3BN9,2.17,"B Q145A",0.1331047962
487,ZEMu,3BN9,2.17,"B Y146A",1.0846525865
488,ZEMu,3BN9,2.17,"B T150A",0.2908351243
489,ZEMu,3BN9,2.17,"B L153A",0.336192162
490,ZEMu,3BN9,2.17,"B E169A",0.3732158941
491,ZEMu,3BN9,2.17,"B Q174A",-0.0346986925
492,ZEMu,3BN9,2.17,"B Q175A",2.5089847897
493,ZEMu,3BN9,2.17,"B D217A",0.5662115282
494,ZEMu,3BN9,2.17,"B Q221aA",0.7057106538
495,ZEMu,3BN9,2.17,"B R222A",-0.0936981724
496,ZEMu,3BN9,2.17,"B K224A",0.7849689317
497,ZEMu,3NPS,1.5,"A Q38A",0.0263237485
498,ZEMu,3NPS,1.5,"A I41A",0.6415425351
499,ZEMu,3NPS,1.5,"A I60A",-0.3318178374
500,ZEMu,3NPS,1.5,"A D60aA",0.3399865849
501,ZEMu,3NPS,1.5,"A D60bA",1.067470506
502,ZEMu,3NPS,1.5,"A R60cA",-1.0627411073
503,ZEMu,3NPS,1.5,"A F60eA",0.2195707672
504,ZEMu,3NPS,1.5,"A R60fA",0.1381683681
505,ZEMu,3NPS,1.5,"A Y60gA",0.4518898207
506,ZEMu,3NPS,1.5,"A R87A",-0.1515954241
507,ZEMu,3NPS,1.5,"A F94A",1.594630474
508,ZEMu,3NPS,1.5,"A N95A",0.2534192272
509,ZEMu,3NPS,1.5,"A D96A",1.5070341207
510,ZEMu,3NPS,1.5,"A F97A",0.4635397735
511,ZEMu,3NPS,1.5,"A T98A",0.7238123704
512,ZEMu,3NPS,1.5,"A H143A",1.8750918829
513,ZEMu,3NPS,1.5,"A Q145A",0.2957362848
514,ZEMu,3NPS,1.5,"A Y146A",1.7748737827
515,ZEMu,3NPS,1.5,"A T150A",0.1749700163
516,ZEMu,3NPS,1.5,"A L153A",0.2957362848
517,ZEMu,3NPS,1.5,"A E169A",0.6153481839
518,ZEMu,3NPS,1.5,"A Q174A",-0.0592238356
519,ZEMu,3NPS,1.5,"A Q175A",0.7409076104
520,ZEMu,3NPS,1.5,"A D217A",1.4667430543
521,ZEMu,3NPS,1.5,"A Q221aA",-0.0409167569
522,ZEMu,3NPS,1.5,"A R222A",-0.0839018577
523,ZEMu,3NPS,1.5,"A K224A",-0.1036103931
524,ZEMu,1REW,1.86,"C Q94H;C K88R;C T98D;C L95Q;C A93P;C S90T;C K92I",0.7302498328000001
525,ZEMu,2QJ9,2.44,"C S98T;C P93A;C R88K;C I92K;C T90S;C Q95L;C H94Q",-0.7302498328000001
526,ZEMu,1REW,1.86,"C T98D;C M78L;C K88R;C A74T;C S90T;C L95Q;C K79G;C Y80L;C Q94H;C K92I;C A93P",0.2740211208
527,ZEMu,2QJ9,2.44,"C K79G;C Y80L;C A74T;C M78L",-0.45622871195
528,ZEMu,2QJA,2.6,"C L78M;C T74A;C G79K;C L80Y",0.45622871195
529,ZEMu,2QJA,2.6,"C T74A;C Q95L;C L78M;C G79K;C S98T;C P93A;C I92K;C T90S;C R88K;C L80Y;C H94Q",-0.2740211208
530,ZEMu,2QJ9,2.44,"C K79G;C D46E;C Y80L;C I62M;C A74T;C M78L;C G42H;C A61T",0.35686973855
531,ZEMu,2QJA,2.6,"C D46E;C I62M;C A61T;C G42H",0.8130984505
532,ZEMu,2QJB,2.5,"C M62I;C H42G;C T61A;C E46D",-0.8130984505
533,ZEMu,2QJB,2.5,"C T74A;C L80Y;C G79K;C T61A;C L78M;C E46D;C M62I;C H42G",-0.35686973855
534,ZEMu,2QJB,2.5,"C L78M;C H42G;C T74A;C R88K;C M62I;C I92K;C G79K;C T61A;C Q95L;C L80Y;C H94Q;C E46D;C T90S;C S98T;C P93A",-1.08711957135
535,ZEMu,2VLR,2.3,"E A99S",0
536,ZEMu,2VLJ,2.4,"E D32A",1.5724967442
537,ZEMu,2VLJ,2.4,"E I53V",0.2
538,ZEMu,2VLJ,2.4,"E I53L",1.4179277938
539,ZEMu,2VLJ,2.4,"E N55A",1.1
540,ZEMu,2VLJ,2.4,"E N55D",0.4952150684
541,ZEMu,2VLJ,2.4,"E D56A",0.1
542,ZEMu,2VLJ,2.4,"E Q58A",0.5
543,ZEMu,2VLJ,2.4,"E Q58E",0
544,ZEMu,2VLJ,2.4,"E S99A",0
545,ZEMu,2VLJ,2.4,"E Y101A",0.2
546,ZEMu,2VLJ,2.4,"E Y101F",0.5
547,ZEMu,2VLJ,2.4,"D S31A",0.6273577411
548,ZEMu,2VLJ,2.4,"D S32A",1
549,ZEMu,2VLJ,2.4,"D Q34A",1
550,ZEMu,2WPT,1.78,"B F86A;A D33A",-0.3
551,ZEMu,2WPT,1.78,"B F86A;A N34A",1.2
552,ZEMu,2WPT,1.78,"A V37A;B F86A",2.9
553,ZEMu,2WPT,1.78,"B R54A",1.1
554,ZEMu,2WPT,1.78,"B N72A",0.9
555,ZEMu,2WPT,1.78,"B S74A",-0.9
556,ZEMu,2WPT,1.78,"B N75A",1.2
557,ZEMu,2WPT,1.78,"B S77A",-0.6
558,ZEMu,2WPT,1.78,"B S78A",-0.2
559,ZEMu,2WPT,1.78,"B S84A",-0.1
560,ZEMu,2WPT,1.78,"B F86A",1.2
561,ZEMu,2WPT,1.78,"B T87A",0.5
562,ZEMu,2WPT,1.78,"B Q92A",-0.5
563,ZEMu,2WPT,1.78,"B K97A",0.5
564,ZEMu,2WPT,1.78,"B V98A",0.1
569,ZEMu,1EMV,1.7,"B R54A",1.7
570,ZEMu,1EMV,1.7,"B N72A",1.1
571,ZEMu,1EMV,1.7,"B S74A",-0.2
572,ZEMu,1EMV,1.7,"B N75A",2.3
573,ZEMu,1EMV,1.7,"B S77A",-0.2
574,ZEMu,1EMV,1.7,"B S78A",-0.5
575,ZEMu,1EMV,1.7,"B S84A",-0.1
576,ZEMu,1EMV,1.7,"B F86A",3.9
577,ZEMu,1EMV,1.7,"B T87A",0.2
578,ZEMu,1EMV,1.7,"B Q92A",-0.3
579,ZEMu,1EMV,1.7,"B K97A",2
580,ZEMu,1EMV,1.7,"B V98A",1.1
581,ZEMu,1EMV,1.7,"B F86A;A L33A",6.9
582,ZEMu,1EMV,1.7,"A V34A;B F86A",4.8
583,ZEMu,1EMV,1.7,"B F86A;A V37A",4.3
584,ZEMu,1EMV,1.7,"B F86A;A Y54A",8.9
585,ZEMu,1EMV,1.7,"A Y55A;B F86A",8.4
586,ZEMu,3BK3,2.7,"C L1A",0.04388576525
587,ZEMu,3BK3,2.7,"C L1R",0.08074775825
588,ZEMu,3BK3,2.7,"C I2A",1.0381891666
589,ZEMu,3BK3,2.7,"C I2R",0.650583731
590,ZEMu,3BK3,2.7,"C T3P",0.5394379547
591,ZEMu,3BK3,2.7,"C T5P",1.79216639865
592,ZEMu,3BK3,2.7,"C I18A",0.53633747175
593,ZEMu,3BK3,2.7,"C I18R",0.470636021
594,ZEMu,3BK3,2.7,"C I21A",1.3071191386
595,ZEMu,3BK3,2.7,"C I21R",2.1206154155
596,ZEMu,3BK3,2.7,"C I27A",1.2609513403
597,ZEMu,3BK3,2.7,"C I27R",1.1749764658
598,ZEMu,3BK3,2.7,"C A36R",1.382109327
599,ZEMu,2OOB,1.9,"A K935E",-0.1782200539
600,ZEMu,2OOB,1.9,"A A934S;A K935E",0.1610886693
601,ZEMu,2OOB,1.9,"A G941S",0.2352586101
602,ZEMu,2OOB,1.9,"A I955E;A I966E",0.2841561603
603,ZEMu,1KTZ,2.15,"A V92I",0.2230391309
604,ZEMu,1KTZ,2.15,"A R25K",1.11720785275
605,ZEMu,1KTZ,2.15,"A R94K",2.2005118621
606,ZEMu,1KTZ,2.15,"A R25A",1.4809183396
607,ZEMu,1KTZ,2.15,"A R94A",2.8831134896
608,ZEMu,1A22,2.6,"B F296S",0.0500737718
609,ZEMu,1A22,2.6,"B K234A;B K237A",0.2401110979
610,ZEMu,1A22,2.6,"B E275A;B R271A;B R270A",0.9619047791999998
611,ZEMu,1A22,2.6,"B D319A;B K321A;B E320A",0.2097358844
612,ZEMu,1A22,2.6,"B D352A;B R356A;B E358A",0.3142310631
613,ZEMu,1A22,2.6,"B K367A;B D364A;B R361A",-0.06239311
614,ZEMu,1A22,2.6,"B E383A;B K387A;B D390A;B K385A",0.1201788955
615,ZEMu,1A22,2.6,"B D405A;B E409A;B K406A;B E407A;B K403A",1.1197366918
616,ZEMu,1A22,2.6,"B R239A",0.2690039907
617,ZEMu,1A22,2.6,"B E242A",1.2314178993
618,ZEMu,1A22,2.6,"B R243A",2.11518376555
619,ZEMu,1A22,2.6,"B E244A",0.650583731
620,ZEMu,1A22,2.6,"B R270A",0.6895116907
621,ZEMu,1A22,2.6,"B R271A",0.5990567393
622,ZEMu,1A22,2.6,"B E275A",-0.0941960176
623,ZEMu,1A22,2.6,"B E279A",-0.0790755324
624,ZEMu,1A22,2.6,"B K281A",0.1438695279
625,ZEMu,1A22,2.6,"B E282A",0.7827264038
626,ZEMu,1A22,2.6,"B E291A",0.1777179879
627,ZEMu,1A22,2.6,"B K310A",0.0428273435
628,ZEMu,1A22,2.6,"B D326A",0.9819808317
629,ZEMu,1A22,2.6,"B E327A",0.4104726331
630,ZEMu,1A22,2.6,"B D332A",1.0852306117
631,ZEMu,1A22,2.6,"B E373A",0.0827651819
632,ZEMu,1A22,2.6,"B E375A",-0.0790755324
633,ZEMu,1A22,2.6,"B K379A",0
634,ZEMu,1A22,2.6,"B E380A",0.1992544279
635,ZEMu,1A22,2.6,"B K403A",0.2401110979
636,ZEMu,1A22,2.6,"B D405A",-0.0461677983
637,ZEMu,1A22,2.6,"B K406A",0.1992544279
638,ZEMu,1A22,2.6,"B E407A",-0.0790755324
639,ZEMu,1A22,2.6,"B E409A",-0.06239311
640,ZEMu,1A22,2.6,"B R411A",0.0564414335
641,ZEMu,1A22,2.6,"B R413A",-0.1904375876
642,ZEMu,1A22,2.6,"B K415A",0.4996398972
643,ZEMu,1A22,2.6,"B R417A",0.2000445372
644,ZEMu,1A22,2.6,"B E424A",0.1079684252
645,ZEMu,1A22,2.6,"B W276A",0.5601196393
646,ZEMu,1A22,2.6,"B W280A",-0.0176785317
647,ZEMu,1A22,2.6,"B W304F",2.7835625775
648,ZEMu,1A22,2.6,"B Y295A",0.1992544279
649,ZEMu,1A22,2.6,"B P241A",0.2595287992
650,ZEMu,1A22,2.6,"B S247A",-0.0149928725
651,ZEMu,1A22,2.6,"B T251A",0.0697495628
652,ZEMu,1A22,2.6,"B N272A",0.2741295312
653,ZEMu,1A22,2.6,"B T273A",-0.4408478466
654,ZEMu,1A22,2.6,"B Q274A",0
655,ZEMu,1A22,2.6,"B T277A",0.2031955019
656,ZEMu,1A22,2.6,"B Q278A",-0.4104726331
657,ZEMu,1A22,2.6,"B N297A",-0.2551039704
658,ZEMu,1A22,2.6,"B S298A",-0.3277074512
659,ZEMu,1A22,2.6,"B S299A",-0.5067142031
660,ZEMu,1A22,2.6,"B F300A",-0.0149928725
661,ZEMu,1A22,2.6,"B T301A",1.0852306117
662,ZEMu,1A22,2.6,"B S302A",-0.18103279765
663,ZEMu,1A22,2.6,"B I303A",0.4322733832
664,ZEMu,1A22,2.6,"B I305A",0.1321426728
665,ZEMu,1A22,2.6,"B P306A",2.6256312073
666,ZEMu,1A22,2.6,"B V325A",1.1416720452
667,ZEMu,1A22,2.6,"B I328A",0.588190621
668,ZEMu,1A22,2.6,"B V329A",-0.0461677983
669,ZEMu,1A22,2.6,"B Q330A",-0.0303752135
670,ZEMu,1GC1,2.5,"C K1A",0.06239311
671,ZEMu,1GC1,2.5,"C K2A",-0.0166824224
672,ZEMu,1GC1,2.5,"C K7A",0.9974435074
673,ZEMu,1GC1,2.5,"C K8A",0.1052204535
674,ZEMu,1GC1,2.5,"C D10A",0
675,ZEMu,1GC1,2.5,"C T11A",0
676,ZEMu,1GC1,2.5,"C T15A",0.3219219092
677,ZEMu,1GC1,2.5,"C T17A",-0.1280444776
678,ZEMu,1GC1,2.5,"C S19A",0
679,ZEMu,1GC1,2.5,"C Q20A",-0.0166824224
680,ZEMu,1GC1,2.5,"C K21A",-0.1280444776
681,ZEMu,1GC1,2.5,"C K22A",0.2401110979
682,ZEMu,1GC1,2.5,"C S23A",0.2925512538
683,ZEMu,1GC1,2.5,"C Q25A",0.0320178965
684,ZEMu,1GC1,2.5,"C H27A",0.2824281554
685,ZEMu,1GC1,2.5,"C K29A",0.5359986244
686,ZEMu,1GC1,2.5,"C N30A",0.1703615352
687,ZEMu,1GC1,2.5,"C S31A",0.1052204535
688,ZEMu,1GC1,2.5,"C N32A",0.1825720055
689,ZEMu,1GC1,2.5,"C Q33A",0.1052204535
690,ZEMu,1GC1,2.5,"C K35A",0.3219219092
691,ZEMu,1GC1,2.5,"C N39A",0.4654167539
692,ZEMu,1GC1,2.5,"C Q40A",-0.4104726331
693,ZEMu,1GC1,2.5,"C S42A",0
694,ZEMu,1GC1,2.5,"C L44A",1.0555476097
695,ZEMu,1GC1,2.5,"C T45A",-0.1488250952
696,ZEMu,1GC1,2.5,"C K46A",1.4303785108
697,ZEMu,1GC1,2.5,"C S49A",0.6109008708
698,ZEMu,1GC1,2.5,"C K50A",0.0474002375
699,ZEMu,1GC1,2.5,"C L51A",1.233470542
700,ZEMu,1GC1,2.5,"C N52A",0.7080212737
701,ZEMu,1GC1,2.5,"C D53A",0.3025042079
702,ZEMu,1GC1,2.5,"C D56A",-0.0697495628
703,ZEMu,1GC1,2.5,"C R58A",0.1321426728
704,ZEMu,1GC1,2.5,"C R59A",1.1753875639
705,ZEMu,1GC1,2.5,"C S60A",-0.0885507238
706,ZEMu,1GC1,2.5,"C D63A",-0.3191866303
707,ZEMu,1GC1,2.5,"C Q64A",0.4424905296
708,ZEMu,1GC1,2.5,"C N66A",-0.03384846
709,ZEMu,1GC1,2.5,"C K72A",-0.0166824224
710,ZEMu,1GC1,2.5,"C N73A",-0.1079684252
711,ZEMu,1GC1,2.5,"C K75A",0.1578939835
712,ZEMu,1GC1,2.5,"C E77A",0.5620330072
713,ZEMu,1GC1,2.5,"C Y82A",1.290098227
714,ZEMu,1GC1,2.5,"C E85A",1.322703902
715,ZEMu,1GC1,2.5,"C V86A",-0.0697495628
716,ZEMu,1GC1,2.5,"C E87A",0.2177617727
717,ZEMu,1GC1,2.5,"C D88A",-0.0697495628
718,ZEMu,1GC1,2.5,"C Q89A",0.1703615352
719,ZEMu,1GC1,2.5,"C K90A",0.0474002375
720,ZEMu,1GC1,2.5,"C E91A",-0.1280444776
721,ZEMu,1GC1,2.5,"C E92A",0.0162253117
722,ZEMu,1GC1,2.5,"C Q94A",-0.1079684252
723,ZEMu,1GC1,2.5,"C Q89L",-0.3107866763
724,ZEMu,1GC1,2.5,"C Q40A;C D63A",-0.4990233569
725,ZEMu,1GC1,2.5,"C Q89L;C Q40A;C D63A",-0.8478674855
726,ZEMu,1A22,2.6,"A T3A",-0.0500195149
727,ZEMu,1A22,2.6,"A I4A",0.4086249348
728,ZEMu,1A22,2.6,"A P5A",0.4298308211
729,ZEMu,1A22,2.6,"A L6A",0.5994479353
730,ZEMu,1A22,2.6,"A S7A",0.3400308589
731,ZEMu,1A22,2.6,"A R8A",0.2000445372
732,ZEMu,1A22,2.6,"A L9A",-0.0400665607
733,ZEMu,1A22,2.6,"A F10A",1.0393452859
734,ZEMu,1A22,2.6,"A N12A",0.0999197609
735,ZEMu,1A22,2.6,"A L15A",0.1497126758
736,ZEMu,1A22,2.6,"A R16A",0.2382633996
737,ZEMu,1A22,2.6,"A R19A",0.0512194421
738,ZEMu,1A22,2.6,"A F54A",0.8693380354
739,ZEMu,1A22,2.6,"A S55A",0.110218922
740,ZEMu,1A22,2.6,"A S57A",0.2000445372
741,ZEMu,1A22,2.6,"A I58A",1.6377250744
742,ZEMu,1A22,2.6,"A P59A",0.3801945073
743,ZEMu,1A22,2.6,"A E66A",0.4298308211
744,ZEMu,1A22,2.6,"A Q69A",-0.0500195149
745,ZEMu,1A22,2.6,"A K70A",0.520691555
746,ZEMu,1A22,2.6,"A S71A",0.4086249348
747,ZEMu,1A22,2.6,"A L73A",-0.1999928156
748,ZEMu,1A22,2.6,"A V180A",0
749,ZEMu,1A22,2.6,"A Q181A",0.2702812961
750,ZEMu,1A22,2.6,"A C182A",1.0099205683
751,ZEMu,1A22,2.6,"A S184A",-0.0500195149
752,ZEMu,1A22,2.6,"A V185A",0.8693380354
753,ZEMu,1A22,2.6,"A G187A",0.3400308589
754,ZEMu,1A22,2.6,"A S188A",-0.1999928156
755,ZEMu,1A22,2.6,"A F191A",0.1912057637
756,ZEMu,1A4Y,2,"B H13A",-0.3380362447
757,ZEMu,1A4Y,2,"B H114A",0.6186847879
758,ZEMu,1A4Y,2,"B K40Q",4.24687674325
759,ZEMu,1A22,2.6,"A M14A",0.1
760,ZEMu,1A22,2.6,"A H18A",-0.5
761,ZEMu,1A22,2.6,"A H21A",0.2
762,ZEMu,1A22,2.6,"A Q22A",-0.2
763,ZEMu,1A22,2.6,"A F25A",-0.4148389026
764,ZEMu,1A22,2.6,"A D26A",-0.2
765,ZEMu,1A22,2.6,"A Q29A",-0.6
766,ZEMu,1A22,2.6,"A Y42A",0.2
767,ZEMu,1A22,2.6,"A L45A",1.2
768,ZEMu,1A22,2.6,"A Q46A",0.1
769,ZEMu,1A22,2.6,"A P48A",0.4
770,ZEMu,1A22,2.6,"A S51A",0.3
771,ZEMu,1A22,2.6,"A E56A",0.4
772,ZEMu,1A22,2.6,"A P61A",1.2
773,ZEMu,1A22,2.6,"A S62A",0.1
774,ZEMu,1A22,2.6,"A N63A",0.3
775,ZEMu,1A22,2.6,"A R64A",1.6
776,ZEMu,1A22,2.6,"A E65A",-0.5
777,ZEMu,1A22,2.6,"A Q68A",0.6
778,ZEMu,1A22,2.6,"A Y164A",0.3
779,ZEMu,1A22,2.6,"A R167A",0.3
780,ZEMu,1A22,2.6,"A K168A",-0.2
781,ZEMu,1A22,2.6,"A D171A",0.8
782,ZEMu,1A22,2.6,"A K172A",2
783,ZEMu,1A22,2.6,"A E174A",-0.9
784,ZEMu,1A22,2.6,"A T175A",2
785,ZEMu,1A22,2.6,"A F176A",1.9
786,ZEMu,1A22,2.6,"A R178A",2.4
787,ZEMu,1A22,2.6,"A I179A",0.8
788,ZEMu,1A22,2.6,"A R183A",0.5
789,ZEMu,1A22,2.6,"A E186A",0
790,ZEMu,1A22,2.6,"B C308A",0
791,ZEMu,1A22,2.6,"B E320A",-0.1824231483
792,ZEMu,1A22,2.6,"B K321A",0.08273626745
793,ZEMu,1A22,2.6,"B C322A",0
794,ZEMu,1A22,2.6,"B S324A",0.2000445372
795,ZEMu,1A22,2.6,"B D364A",1.4847600884
796,ZEMu,1A22,2.6,"B I365A",2.1295183206
797,ZEMu,1A22,2.6,"B Q366A",0.0175468652
798,ZEMu,1A22,2.6,"B K367A",0
799,ZEMu,1A22,2.6,"B V371A",-0.6178941508
800,ZEMu,1A22,2.6,"B T394A",0.2000445372
801,ZEMu,1A22,2.6,"B T395A",-0.1002704378
802,ZEMu,1A22,2.6,"B Q416A",0.88964603455
803,ZEMu,1A22,2.6,"B N418A",0.3006565096
804,ZEMu,1DAN,2,"U E208A",0
805,ZEMu,1DAN,2,"U V207A",1.5691655898
806,ZEMu,1DAN,2,"U T203A",0.14
807,ZEMu,1DAN,2,"U K201A;U D204A",0.04
808,ZEMu,1DAN,2,"U R200A;U N199A",0.4
809,ZEMu,1DAN,2,"U T197A;U V198A",-0.16
810,ZEMu,1DAN,2,"U S195A",0
811,ZEMu,1DAN,2,"U R196A;U S195A",0.64
812,ZEMu,1DAN,2,"U Y185A",-0.32
813,ZEMu,1DAN,2,"U E183A;U N184A",-0.09
814,ZEMu,1DAN,2,"U K181A",0.02
815,ZEMu,1DAN,2,"U L176A",0.08
816,ZEMu,1DAN,2,"U N173A;U E174A",-0.02
817,ZEMu,1DAN,2,"U T172A",-0.02
818,ZEMu,1DAN,2,"U K169A",0.12
819,ZEMu,1DAN,2,"U T167A",0.21
820,ZEMu,1DAN,2,"U K166A;U K165A",-0.23
821,ZEMu,1DAN,2,"U G164R",-0.16
822,ZEMu,1DAN,2,"U S163A",0.02
823,ZEMu,1DAN,2,"U W158F",0.12
824,ZEMu,1DAN,2,"U Y156L",0.16
825,ZEMu,1DAN,2,"U I152A",0.18
826,ZEMu,1DAN,2,"U K149A;U D150A",-0.1
827,ZEMu,1DAN,2,"U D145A",-0.01
828,ZEMu,1DAN,2,"U R144A",0
829,ZEMu,1DAN,2,"U F140A",1.29
830,ZEMu,1DAN,2,"U T139A",-0.01
831,ZEMu,1DAN,2,"U R136A;U N138A;U N137A",0.21
832,ZEMu,1DAN,2,"U R135A",0.52
833,ZEMu,1DAN,2,"U L133A",-0.02
834,ZEMu,1DAN,2,"U R131F;U E130A",-0.015
835,ZEMu,1DAN,2,"U D129A",-0.02
836,ZEMu,1DAN,2,"U E128A",0.09
837,ZEMu,1DAN,2,"U K122A",-0.12
838,ZEMu,1DAN,2,"U Q114A;U E117A",0.033
839,ZEMu,1DAN,2,"U N107A;U Q110A",0.41
840,ZEMu,1DAN,2,"U L104A;U E105A",-0.46
841,ZEMu,1DAN,2,"U E99A",-0.18
842,ZEMu,1DAN,2,"U Y94A",1.03
843,ZEMu,1DAN,2,"T K68A",-0.07
844,ZEMu,1DAN,2,"T Q69A;T K68A",-0.21
845,ZEMu,1DAN,2,"T K65A;T D66A",-0.5
846,ZEMu,1DAN,2,"T D61A;T E62A",0.31
847,ZEMu,1DAN,2,"T D58E",1.38
848,ZEMu,1DAN,2,"T D58A",2
849,ZEMu,1DAN,2,"T E56A;T D54A",0.44
850,ZEMu,1DAN,2,"T T52A",0.4
851,ZEMu,1DAN,2,"T F50A",0.44
852,ZEMu,1DAN,2,"T K48A",0.42
853,ZEMu,1DAN,2,"T S47A",-0.1315687539
854,ZEMu,1DAN,2,"T K46A",0.24
855,ZEMu,1DAN,2,"T K48A;T K46A",1.17
856,ZEMu,1DAN,2,"T W45F",1.28
857,ZEMu,1DAN,2,"T D44A",2.3861497253
858,ZEMu,1DAN,2,"T S42A",-0.07
859,ZEMu,1DAN,2,"T K41A",0.33
860,ZEMu,1DAN,2,"T D44A;T K41A",1.57
861,ZEMu,1DAN,2,"T Q37A",0.7580534909
862,ZEMu,1DAN,2,"T K28A",0.12
863,ZEMu,1DAN,2,"T E26A",0.105
864,ZEMu,1DAN,2,"T W25F",0.62
865,ZEMu,1DAN,2,"T E24A",0.66
866,ZEMu,1DAN,2,"T I22A",0.65
867,ZEMu,1DAN,2,"T T21A",-0.16
868,ZEMu,1DAN,2,"T K20R",1.69
869,ZEMu,1DAN,2,"T K20A",2.4375110935
870,ZEMu,1DAN,2,"T N18A",0.18
871,ZEMu,1DAN,2,"T T17A",0.12
872,ZEMu,1DAN,2,"T K15A",-0.39
873,ZEMu,1DAN,2,"T W14F",0.69
874,ZEMu,1FC2,2.8,"C Y133W",0.4104726331
875,ZEMu,1FC2,2.8,"C I135W",3.1375937771
876,ZEMu,1FC2,2.8,"C F149W",0
877,ZEMu,1FC2,2.8,"C L163W",0
878,ZEMu,1DAN,2,"T S47G;T W45R",1.5405792566
879,ZEMu,1DAN,2,"T W45A",1.5597122628
880,ZEMu,1DAN,2,"T V33A",-0.1932234953
881,ZEMu,1DAN,2,"T Y51A",-0.1315687539
882,ZEMu,1DAN,2,"T F76A",1.1494364433
883,ZEMu,1DAN,2,"T Y78A",0.652620469
884,ZEMu,1DAN,2,"U P92A",-0.1932234953
885,ZEMu,1DAN,2,"T V36A",-0.1315687539
886,ZEMu,1DAN,2,"T I38A",-0.1315687539
887,ZEMu,1DAN,2,"T G43A",0.0672703982
888,ZEMu,1DAN,2,"T C57S;T C49S",-0.3388468501
889,ZEMu,1DAN,2,"T T60A",2.3126004943
890,ZEMu,1DAN,2,"U F140A;T T60A",4.4972382287
891,ZEMu,1DAN,2,"T K20A;T T60A",3.1762404304
892,ZEMu,1DAN,2,"T W45A;T D44A",1.5672021214
893,ZEMu,1DAN,2,"U F140A;T D44A",3.299611857
894,ZEMu,1DAN,2,"T D44A;T K20A",4.1552900848
895,ZEMu,1DAN,2,"T D58A;T D44A",4.0115222534
896,ZEMu,1DAN,2,"T T60A;T D44A",4.3247981511
897,ZEMu,1DAN,2,"T D44A;U F140A;T K20A",5.963414083900001
898,ZEMu,1TM1,1.7,"I T58D",2.0953605481
899,ZEMu,1TM1,1.7,"I E60A;I T58A",3.388878543
900,ZEMu,1TM1,1.7,"I T58D;I E60A",0.7486325064
901,ZEMu,1TM1,1.7,"I V70A",0.02471043645
902,ZEMu,1DAN,2,"U Q110A",1.3048802443
903,ZEMu,1DAN,2,"T S16A",-0.1297486136
904,ZEMu,1DAN,2,"T L59A",0
905,ZEMu,1DAN,2,"T D61A",0.2419360203
906,ZEMu,1DAN,2,"T E62A",0
907,ZEMu,1DAN,2,"T I63A",0
908,ZEMu,1DAN,2,"T V64A",0
909,ZEMu,1DAN,2,"T Q69A",0
910,ZEMu,1DAN,2,"T L72A",-0.05980946
911,ZEMu,1DAN,2,"U E105A",-0.05980946
912,ZEMu,1DAN,2,"U T106A",-0.05980946
913,ZEMu,1DAN,2,"U N107A",0
914,ZEMu,1DAN,2,"U R131A",0
915,ZEMu,1DAN,2,"U T132A",0
916,ZEMu,1DAN,2,"U R136A",-0.05980946
917,ZEMu,1DAN,2,"U N138A",0
918,ZEMu,1DAN,2,"U V146A",0.1994502245
919,ZEMu,1DAN,2,"U F147A",-0.05980946
920,ZEMu,1DAN,2,"U Y157A",0
921,ZEMu,1DAN,2,"U V179A",0.1097933475
922,ZEMu,1DAN,2,"U R196A",0.4603981914
923,ZEMu,1DAN,2,"U T197A",0.1097933475
924,ZEMu,1DAN,2,"U V198A",0.1097933475
925,ZEMu,1DAN,2,"U N199A",0
926,ZEMu,1FC2,2.8,"C L136D",0.8209452662
927,ZEMu,1FC2,2.8,"C N147A",0.5820173591
928,ZEMu,1FC2,2.8,"C F149A",0.0626396321
929,ZEMu,1FC2,2.8,"C I150A",2.1845058382
930,ZEMu,1FC2,2.8,"C K154A",1.2314178993
931,ZEMu,1DVF,1.9,"A H30A",1.6493823576
932,ZEMu,1DVF,1.9,"A Y32A",2.0303696148
933,ZEMu,1DVF,1.9,"A Y49A",1.72845789
934,ZEMu,1DVF,1.9,"A Y50A",0.6877735978
935,ZEMu,1DVF,1.9,"A W92A",0.3407230703
936,ZEMu,1DVF,1.9,"A S93A",1.1624389115
937,ZEMu,1DVF,1.9,"B T30A",0.9075126238
938,ZEMu,1DVF,1.9,"B Y32A",1.8314707478
939,ZEMu,1DVF,1.9,"B W52A",4.1329987736
940,ZEMu,1DVF,1.9,"B D54A",4.2812563681
941,ZEMu,1DVF,1.9,"B N56A",1.1624389115
942,ZEMu,1DVF,1.9,"B D58A",1.6000048667
943,ZEMu,1DVF,1.9,"B E98A",4.186649062
944,ZEMu,1DVF,1.9,"B R99A",1.8746451775
945,ZEMu,1DVF,1.9,"B D100A",2.789514254
946,ZEMu,1DVF,1.9,"B Y101F",2.0123137395
947,ZEMu,1VFB,1.8,"A H30A",0.8448825917
948,ZEMu,1VFB,1.8,"A Y32A",1.7168807207
949,ZEMu,1VFB,1.8,"A Y49A",0.7975415936
950,ZEMu,1VFB,1.8,"A Y50A",0.5243335131
951,ZEMu,1VFB,1.8,"A W92A",2.727121144
952,ZEMu,1VFB,1.8,"A S93A",0.3431239558
953,ZEMu,1VFB,1.8,"B T30A",-0.0558495425
954,ZEMu,1VFB,1.8,"B Y32A;B Y32A",0.64847137175
955,ZEMu,1VFB,1.8,"B W52A",0.9169499141
956,ZEMu,1VFB,1.8,"B D54A",0.6386199538
957,ZEMu,1VFB,1.8,"B N56A",0.1777179879
958,ZEMu,1VFB,1.8,"B D58A",-0.2070033345
959,ZEMu,1VFB,1.8,"B E98A",1.1565572375
960,ZEMu,1VFB,1.8,"B R99A",-0.0997353078
961,ZEMu,1VFB,1.8,"B D100A",3.0702450999
962,ZEMu,1VFB,1.8,"B Y101F;B Y101F",1.75348371495
963,ZEMu,1A22,2.6,"A F25A;A Y42A;A Q46A",0.196221334233333
964,ZEMu,1A22,2.6,"A Q46A;A Y42A",0.293583049966667
965,ZEMu,1CBW,2.6,"I T11A",0.2196547497
966,ZEMu,1CBW,2.6,"I G12A",0.6785280154
967,ZEMu,1CBW,2.6,"I P13A",-0.0558732311
968,ZEMu,1CBW,2.6,"I R17A",0.547715638
969,ZEMu,1CBW,2.6,"I I18A",1.4008417158
970,ZEMu,1CBW,2.6,"I I19A",0.1413752798
971,ZEMu,1CBW,2.6,"I R20A",0.3504671272
972,ZEMu,1CBW,2.6,"I F33A",0.1413752798
973,ZEMu,1CBW,2.6,"I V34A",0.0510082636
974,ZEMu,1CBW,2.6,"I Y35A",0.8757765263
975,ZEMu,1CBW,2.6,"I G36A",0.9540559963
976,ZEMu,1CBW,2.6,"I G37A",0.8126807165
977,ZEMu,1CBW,2.6,"I R39A",0.2196547497
978,ZEMu,1CBW,2.6,"I K46A",0.1413752798
979,ZEMu,1VFB,1.8,"A Y50S",1.4157471357
980,ZEMu,1DAN,2,"H R134A",0.7492992155
981,ZEMu,1DAN,2,"H M164A",0.7387602871
982,ZEMu,1DAN,2,"H K192A",-0.18529636825
983,ZEMu,1DAN,2,"H L144A",0.02682447715
984,ZEMu,1DVF,1.9,"D Y98A",4.7394348835
985,ZEMu,1DVF,1.9,"C Y49A",1.8606005627
986,ZEMu,1DVF,1.9,"D Q100A",1.6287225822
987,ZEMu,1DVF,1.9,"D N54A",1.8606005627
988,ZEMu,1DVF,1.9,"D R100bA",4.0906817161
989,ZEMu,1DVF,1.9,"D K30A",1.0035172717
990,ZEMu,1DVF,1.9,"D H33A",1.8606005627
991,ZEMu,1DVF,1.9,"D D52A",1.6822900917
992,ZEMu,1DVF,1.9,"D I97A",2.6815458289
993,ZEMu,1DVF,1.9,"B E98A;D Y98A",4.6332970219
994,ZEMu,1DVF,1.9,"C Y49A;B D54A",4.4928718808
995,ZEMu,1DVF,1.9,"D Q100A;B D58A",1.4641725444
996,ZEMu,1DVF,1.9,"A Y49A;D N54A",2.0303696148
997,ZEMu,1DVF,1.9,"A Y32A;D R100bA",4.6505883768
998,ZEMu,1DVF,1.9,"D Q100A;B N56A",1.4868644713
999,ZEMu,1DVF,1.9,"D Q100A;B W52A",4.162863261
1000,ZEMu,1DVF,1.9,"B D100A;D H33A",4.1481192588
1001,ZEMu,1DVF,1.9,"D D52A;B D100A",4.319723579
1002,ZEMu,1DVF,1.9,"D H33A;A Y49A",2.6250451738
1003,ZEMu,1DVF,1.9,"B D100A;D N54A",4.0906817161
1004,ZEMu,1DVF,1.9,"D N54A;B N56A",2.3010929906
1005,ZEMu,1DVF,1.9,"D H33A;B N56A",2.5259994835
1006,ZEMu,1CSE,1.2,"I L45G",2.2489584761
1007,ZEMu,1CSE,1.2,"I L45S",1.1722938928
1008,ZEMu,1CSE,1.2,"I L45P",6.6716472492
1009,ZEMu,1CSE,1.2,"I L45I",2.9411510324
1010,ZEMu,1CSE,1.2,"I L45D",4.3506754827
1011,ZEMu,1CSE,1.2,"I L45E",2.3497105772
1012,ZEMu,1ACB,2,"I L45G",6.0332457412
1013,ZEMu,1ACB,2,"I L45S",4.9512371994
1014,ZEMu,1ACB,2,"I L45P",6.8527233958
1015,ZEMu,1ACB,2,"I L45I",4.2306702326
1016,ZEMu,1ACB,2,"I L45D",6.7715426705
1017,ZEMu,1ACB,2,"I L45E",6.554279647
1018,ZEMu,1IAR,2.3,"A I5A",1.1708497116
1019,ZEMu,1IAR,2.3,"A I5R",0.79679107065
1020,ZEMu,1IAR,2.3,"A T6A",-0.10337594715
1021,ZEMu,1IAR,2.3,"A T6D",1.39374063405
1022,ZEMu,1IAR,2.3,"A Q8A",-0.0210304215
1023,ZEMu,1IAR,2.3,"A Q8R",0.0392814952
1024,ZEMu,1IAR,2.3,"A E9Q",3.11261011385
1025,ZEMu,1IAR,2.3,"A I11A",0.06948550695
1026,ZEMu,1IAR,2.3,"A K12S",-0.0133366554
1027,ZEMu,1IAR,2.3,"A K12E",0.1409453269
1028,ZEMu,1IAR,2.3,"A T13A",0.97906704445
1029,ZEMu,1IAR,2.3,"A T13D",-0.2181476024
1030,ZEMu,1IAR,2.3,"A N15A",-0.03235930305
1031,ZEMu,1IAR,2.3,"A N15D",-0.0778831282
1032,ZEMu,1IAR,2.3,"A S16A",-0.18245147955
1033,ZEMu,1IAR,2.3,"A S16D",-0.10196261075
1034,ZEMu,1IAR,2.3,"A E19A",-0.318829469
1035,ZEMu,1IAR,2.3,"A E19R",-0.11522126335
1036,ZEMu,1IAR,2.3,"A R53Q",0.8360721399
1037,ZEMu,1IAR,2.3,"A K77A",0.1545238877
1038,ZEMu,1IAR,2.3,"A K77E",0.6121008128
1039,ZEMu,1IAR,2.3,"A Q78A",0.12563099495
1040,ZEMu,1IAR,2.3,"A Q78E",0.24635871995
1041,ZEMu,1IAR,2.3,"A R81A",0.47995814005
1042,ZEMu,1IAR,2.3,"A R81E",1.4613430462
1043,ZEMu,1IAR,2.3,"A F82A",-0.08558721025
1044,ZEMu,1IAR,2.3,"A F82D",-0.57933990975
1045,ZEMu,1IAR,2.3,"A K84A",0.34566604035
1046,ZEMu,1IAR,2.3,"A K84D",1.88048073625
1047,ZEMu,1IAR,2.3,"A R85A",0.4278389613
1048,ZEMu,1IAR,2.3,"A R85E",1.2243917236
1049,ZEMu,1IAR,2.3,"A R88Q",2.8282396921
1050,ZEMu,1IAR,2.3,"A R88A",3.75377318125
1051,ZEMu,1IAR,2.3,"A N89A",1.55894112975
1052,ZEMu,1IAR,2.3,"A W91A",0.72980432755
1053,ZEMu,1IAR,2.3,"A W91D",1.3059619394
1054,ZEMu,1A4Y,2,"B H8A",0.8972026385
1055,ZEMu,1A4Y,2,"B Q12A",0.30131745915
1056,ZEMu,1A4Y,2,"B N68A",0.11544862775
1057,ZEMu,1A4Y,2,"B E108A",-0.3216535197
1058,ZEMu,1A4Y,2,"A Y434A",3.2585560868
1059,ZEMu,1A4Y,2,"A D435A",3.4818224749
1060,ZEMu,1A4Y,2,"A Y437A",0.82437628275
1061,ZEMu,1DFJ,2.5,"I Y430A",5.953265645
1062,ZEMu,1DFJ,2.5,"I D431A",3.6607913817
1063,ZEMu,1DFJ,2.5,"I Y433A",2.6223231235
1064,ZEMu,2PCB,2.8,"A E291Q",0.01604967245
1065,ZEMu,2PCB,2.8,"A E32Q",0.54114098795
1066,ZEMu,2PCB,2.8,"A E35Q",0.6914523602
1067,ZEMu,2PCB,2.8,"A A193F",0.79267445645
1068,ZEMu,2PCB,2.8,"A D34N",0.8980726331
1069,ZEMu,2PCB,2.8,"A E290N",0.9065093882
1070,ZEMu,1AK4,2.36,"D P485A",0.9148690766
1071,ZEMu,1AK4,2.36,"D V486A",0.8209452662
1072,ZEMu,1AK4,2.36,"D H487A",0.8391678372
1073,ZEMu,1AK4,2.36,"D H487Q",0.8021441051
1074,ZEMu,1AK4,2.36,"D H487R",1.4746052993
1075,ZEMu,1AK4,2.36,"D A488V",0.5990567393
1076,ZEMu,1AK4,2.36,"D A488G",2.4832972638
1077,ZEMu,1AK4,2.36,"D G489A",1.9061758779
1078,ZEMu,1AK4,2.36,"D G489V",2.8592638168
1079,ZEMu,1AK4,2.36,"D P490A",2.0016767513
1080,ZEMu,1AK4,2.36,"D I491A",0.0697495628
1081,ZEMu,1AK4,2.36,"D I491V",-0.1703615352
1082,ZEMu,1AK4,2.36,"D A492G",0.4104726331
1083,ZEMu,1AK4,2.36,"D A492V",0.1885841062
1084,ZEMu,1AK4,2.36,"D P493A",0.5122400923
1085,ZEMu,1E96,2.4,"A N26H",1.0855077498
1086,ZEMu,1E96,2.4,"A I33N",2.0078629661
1087,ZEMu,1E96,2.4,"A D38N",2.16405989
1088,ZEMu,1E96,2.4,"A M45T",0.3597132374
1089,ZEMu,1E96,2.4,"A K132E",-0.1865950211
1090,ZEMu,1E96,2.4,"A L134R",-0.1252487753
1091,ZEMu,1JRH,2.8,"I T14V",-0.0255659917
1092,ZEMu,1JRH,2.8,"I T19L;I E21K",-0.0255659917
1093,ZEMu,1JRH,2.8,"I I28V;I M25L",-0.2136060585
1094,ZEMu,1JRH,2.8,"I P37S;I V41I;I I35N;I V39T",0.143705963
1095,ZEMu,1JRH,2.8,"I E45Q",0.0995684711
1096,ZEMu,1JRH,2.8,"I I61T;I H65D;I A59S",0.0706755783
1097,ZEMu,1JRH,2.8,"I N79V;I G75M;I S78D;I L81A;I D76Y;I S71Y;I H73Q;I D72E;I V74I",2.9588322879
1098,ZEMu,1JRH,2.8,"I V83A;I R88K",-0.2136060585
1099,ZEMu,1JRH,2.8,"I K98R;I E100K;I A95D",-0.047747867
1100,ZEMu,1JRH,2.8,"I V104M;I A103L",0.6336629561
1101,ZEMu,1EMV,1.7,"A C23A",0.921642634
1102,ZEMu,1EMV,1.7,"A N24A",0.13946106465
1103,ZEMu,1EMV,1.7,"A D26A",0.3371152371
1104,ZEMu,1EMV,1.7,"A T27A",0.7283788951
1105,ZEMu,1EMV,1.7,"A S28A",0.17325589355
1106,ZEMu,1EMV,1.7,"A S29A",0.95607560865
1107,ZEMu,1EMV,1.7,"A E30A",1.41615381475
1108,ZEMu,1EMV,1.7,"A E31A",0.3070257601
1109,ZEMu,1EMV,1.7,"A E32A",0.21989915575
1110,ZEMu,1EMV,1.7,"A L33A",3.41793456505
1111,ZEMu,1EMV,1.7,"A V34A",2.57844898475
1112,ZEMu,1EMV,1.7,"A K35A",0.19203811035
1113,ZEMu,1EMV,1.7,"A L36A",0.9069031197
1114,ZEMu,1EMV,1.7,"A V37A",1.66394607085
1115,ZEMu,1EMV,1.7,"A T38A",0.89976466245
1116,ZEMu,1EMV,1.7,"A E41A",2.08326146275
1117,ZEMu,1EMV,1.7,"A E42A",0.65775390115
1118,ZEMu,1EMV,1.7,"A T44A",0.30488263705
1119,ZEMu,1EMV,1.7,"A E45A",0.2128801786
1120,ZEMu,1EMV,1.7,"A H46A",0.8319233278
1121,ZEMu,1EMV,1.7,"A P47A",0.4372220449
1122,ZEMu,1EMV,1.7,"A S48A",0.0071625779
1123,ZEMu,1EMV,1.7,"A G49A",1.4855070473
1124,ZEMu,1EMV,1.7,"A S50A",2.1871711715
1125,ZEMu,1EMV,1.7,"A D51A",5.91572719505
1126,ZEMu,1EMV,1.7,"A L52A",0.6011711741
1127,ZEMu,1EMV,1.7,"A I53A",0.8477781991
1128,ZEMu,1EMV,1.7,"A Y54A",4.8348358797
1129,ZEMu,1EMV,1.7,"A Y55A",4.63500309565
1130,ZEMu,1EMV,1.7,"A P56A",1.24233553215
1131,ZEMu,1EMV,1.7,"A D60A",0.5109792063
1132,ZEMu,1EMV,1.7,"A S63A",0.8700751403
1133,ZEMu,1EMV,1.7,"A V68A",1.85623172965
1134,ZEMu,1EMV,1.7,"A N69A",0.2779097381
1137,ZEMu,1AHW,3,"C D150A;C K149A",1.1814721817
1138,ZEMu,1AHW,3,"C Y157A",-1.8890098402
1139,ZEMu,1AHW,3,"C K165A;C K166A",-1.329712112
1140,ZEMu,1AHW,3,"C T167A",-0.0741199651
1141,ZEMu,1AHW,3,"C T170A",1.1057709424
1142,ZEMu,1AHW,3,"C L176A",0.986936399
1143,ZEMu,1AHW,3,"C D178A",-0.4845925982
1144,ZEMu,1AHW,3,"C T197A",1.3458820403
1145,ZEMu,1AHW,3,"C V198A",-0.3142310631
1146,ZEMu,1AHW,3,"C N199A",1.0782224017
1147,ZEMu,1JCK,3.5,"B T20A",1.6541010027
1148,ZEMu,1JCK,3.5,"B Y26A",1.7740332051
1149,ZEMu,1JCK,3.5,"B N60A",1.6418905323
1150,ZEMu,1JCK,3.5,"B Y90A",2.5949784713
1151,ZEMu,1JCK,3.5,"B V91A",2.2319060757
1152,ZEMu,1JCK,3.5,"B K103A",0.6763350417
1153,ZEMu,1JCK,3.5,"B F176A",2.1329788465
1154,ZEMu,1A22,2.6,"B S419A",0.0351673638
1155,ZEMu,1A22,2.6,"B R243L",0.5213368431
1156,ZEMu,1A22,2.6,"B R243M",0.9999520181
1157,ZEMu,1NMB,2.2,"H D56N",2.8
1158,ZEMu,1NMB,2.2,"H D56E",2.4
1159,ZEMu,1NMB,2.2,"H Y99A",1.5
1160,ZEMu,1NMB,2.2,"H Y100aF",0.5
1161,ZEMu,1NMB,2.2,"L Y32F",1.7
1162,ZEMu,1NMB,2.2,"L L94V",0.9
1163,ZEMu,1VFB,1.8,"C D18A",0.3401305872
1164,ZEMu,1VFB,1.8,"C N19A",0.3960868204
1165,ZEMu,1VFB,1.8,"C Y23A",0.4104726331
1166,ZEMu,1VFB,1.8,"C S24A",0.8509650609
1167,ZEMu,1VFB,1.8,"C K116A",0.7134504011
1168,ZEMu,1VFB,1.8,"C T118A",0.7650957237
1169,ZEMu,1VFB,1.8,"C D119A",0.9530879389
1170,ZEMu,1VFB,1.8,"C V120A",0.9169499141
1171,ZEMu,1VFB,1.8,"C Q121A",2.8769980811
1172,ZEMu,1VFB,1.8,"C I124A",1.2314178993
1173,ZEMu,1VFB,1.8,"C R125A",1.8368998752
1174,ZEMu,1VFB,1.8,"C L129A",0.171544726
1175,ZEMu,1VFB,1.8,"C Q121A;A Y32A",1.5860409898
1176,ZEMu,1VFB,1.8,"A Y32A;C I124A",2.9057157966
1177,ZEMu,1VFB,1.8,"C D18A;A Y50A",1.2659239794
1178,ZEMu,1VFB,1.8,"C D119A;A Y50A",1.2314178993
1179,ZEMu,1VFB,1.8,"A W92A;C Q121A",3.5189365953
1180,ZEMu,1VFB,1.8,"C I124A;A W92A",3.850333696
1181,ZEMu,1VFB,1.8,"C R125A;A W92A",3.3932896385
1182,ZEMu,1VFB,1.8,"A W92A;C L129A",3.3073628292
1183,ZEMu,1VFB,1.8,"B Y32A;C K116A",1.5860409898
1184,ZEMu,1VFB,1.8,"C D119A;B W52A",2.2473725083
1185,ZEMu,1VFB,1.8,"C T118A;B D54A",1.2546438891
1186,ZEMu,1VFB,1.8,"B D100A;C S24A",3.3697559392
1187,ZEMu,1VFB,1.8,"C D119A;B Y101F",2.7365211324
1188,ZEMu,1VFB,1.8,"C V120A;B Y101F",2.5384778162
1189,ZEMu,1NCA,2.5,"H N31Q",0
1190,ZEMu,1NCA,2.5,"H E96D",0.4104726331
1191,ZEMu,1NCA,2.5,"H D97K",0.7141600319
1192,ZEMu,1NCA,2.5,"H N98Q",0.5426153059
1193,ZEMu,2WPT,1.78,"A D33L",-3.4
1194,ZEMu,2WPT,1.78,"A N34V",-0.9
1195,ZEMu,2WPT,1.78,"A R38T",-1
1196,ZEMu,2WPT,1.78,"A E39H",0
1197,ZEMu,2WPT,1.78,"A R42E",-0.4
1198,ZEMu,2WPT,1.78,"A R38T;A N34V",-2.6
1199,ZEMu,2WPT,1.78,"A N34V;A D33L;A R38T",-6.400000000000001
1200,ZEMu,2WPT,1.78,"A R42E;A R38T;A N34V",-3.2000000000000006
1201,ZEMu,2WPT,1.78,"A N34V;A R42E;A E39H;A R38T",-3
1202,ZEMu,2WPT,1.78,"A E30A",1.6
1203,ZEMu,2WPT,1.78,"A D33A",-0.1
1204,ZEMu,2WPT,1.78,"A N34A",-0.4
1205,ZEMu,2WPT,1.78,"A V37A",3.7
1206,ZEMu,2WPT,1.78,"A E41A",4.5
1207,ZEMu,2WPT,1.78,"A R42A",-0.3
1208,ZEMu,2WPT,1.78,"A S50A",2.4
1209,ZEMu,2WPT,1.78,"A P56A",2.9
1210,ZEMu,1JRH,2.8,"I K47A",3.8505706181
1211,ZEMu,1JRH,2.8,"I N48A",0.6339013086
1212,ZEMu,1JRH,2.8,"I N48Q",0.7055278518
1213,ZEMu,1JRH,2.8,"I Y49A",3.6550058397
1214,ZEMu,1JRH,2.8,"I Y49F",1.0272079041
1215,ZEMu,1JRH,2.8,"I G50A",4.3751483824
1216,ZEMu,1JRH,2.8,"I V51A",1.4756271923
1217,ZEMu,1JRH,2.8,"I K52A",3.7881775081
1218,ZEMu,1JRH,2.8,"I N53A",4.7074169871
1219,ZEMu,1JRH,2.8,"I S54A",0.4578728706
1220,ZEMu,1JRH,2.8,"I E55A",-0.6967515293
1221,ZEMu,1JRH,2.8,"I W56F",0.1515603741
1222,ZEMu,1JRH,2.8,"I W56Y",0.5808341682
1223,ZEMu,1JRH,2.8,"I N79A",0
1224,ZEMu,1JRH,2.8,"I W82A",4.330792814
1225,ZEMu,1JRH,2.8,"I W82F",1.0969574668
1226,ZEMu,1JRH,2.8,"I W82Y",1.2405992744
1227,ZEMu,1JRH,2.8,"I R84A",1.0315462885
1228,ZEMu,1JRH,2.8,"I K98A",0.6668090427
1229,ZEMu,1JTG,1.73,"A G238S",-1.6312202106
1230,ZEMu,1JTG,1.73,"A E104K",4.2334947105
1231,ZEMu,1JTG,1.73,"A G238S;B F142A",3.680209083
1232,ZEMu,1JTG,1.73,"B F142A;A E104K",4.5526813409
1233,ZEMu,1MLC,2.5,"A N32G",-0.86
1234,ZEMu,1MLC,2.5,"A N32Y",0
1235,ZEMu,1MLC,2.5,"B S57V",-0.49
1236,ZEMu,1MLC,2.5,"B S57A",-0.37
1237,ZEMu,1MLC,2.5,"B T58D",-0.56
1238,ZEMu,1MLC,2.5,"A N92A",-1.25
1239,ZEMu,1MLC,2.5,"B T31V",0.53
1240,ZEMu,1MLC,2.5,"B T31A",0.45
1241,ZEMu,1MLC,2.5,"B T31W",0.13
1242,ZEMu,1MLC,2.5,"B T28D",-0.15
1243,ZEMu,1MLC,2.5,"B K65D",0.02
1244,ZEMu,1MLC,2.5,"B T58D;B S57V",-0.99
1245,ZEMu,1MLC,2.5,"A N32G;A N92A",-0.69
1246,ZEMu,1MLC,2.5,"A N92A;B T58D;A N32G;B S57V",-1.74
1247,ZEMu,1MLC,2.5,"A N92A;B T58D;B S57V",-2.4
1248,ZEMu,1MLC,2.5,"B T58D;A N92A;B T28D;B S57V",-2.74
